ts,action,actionOption,actionSub,actionSubOption,condition,conditionSub1Option,conditionSub2Option,place,emotionPositive,emotionTension,activity
1598827200.0,personal_care,132,,,ALONE,,,home,7,3,3
1598827260.0,personal_care,132,,,ALONE,,,home,7,3,3
1598827320.0,personal_care,132,,,ALONE,,,home,7,3,3
1598827380.0,personal_care,132,,,ALONE,,,home,7,3,3
1598827440.0,personal_care,132,,,ALONE,,,home,7,3,3
1598827500.0,personal_care,132,,,ALONE,,,home,7,3,3
1598827560.0,personal_care,132,,,ALONE,,,home,7,3,3
1598827620.0,personal_care,132,,,ALONE,,,home,7,3,3
1598827680.0,personal_care,132,,,ALONE,,,home,7,3,3
1598827740.0,personal_care,132,,,ALONE,,,home,7,3,3
1598827800.0,personal_care,132,,,ALONE,,,home,7,3,3
1598827860.0,personal_care,132,,,ALONE,,,home,7,3,3
1598827920.0,personal_care,132,,,ALONE,,,home,7,3,3
1598827980.0,personal_care,132,,,ALONE,,,home,7,3,3
1598828040.0,personal_care,132,,,ALONE,,,home,7,3,3
1598828100.0,personal_care,132,,,ALONE,,,home,7,3,3
1598828160.0,personal_care,132,,,ALONE,,,home,7,3,3
1598828220.0,personal_care,132,,,ALONE,,,home,7,3,3
1598828280.0,personal_care,132,,,ALONE,,,home,7,3,3
1598828340.0,personal_care,132,,,ALONE,,,home,7,3,3
1598828400.0,personal_care,133,,,ALONE,,,home,6,3,3
1598828460.0,personal_care,133,,,ALONE,,,home,6,3,3
1598828520.0,personal_care,133,,,ALONE,,,home,6,3,3
1598828580.0,personal_care,133,,,ALONE,,,home,6,3,3
1598828640.0,personal_care,133,,,ALONE,,,home,6,3,3
1598828700.0,personal_care,133,,,ALONE,,,home,6,3,3
1598828760.0,personal_care,133,,,ALONE,,,home,6,3,3
1598828820.0,personal_care,133,,,ALONE,,,home,6,3,3
1598828880.0,personal_care,133,,,ALONE,,,home,6,3,3
1598828940.0,personal_care,133,,,ALONE,,,home,6,3,3
1598829000.0,travel,82,move_method,1,WITH_MANY,5,1,outdoor,5,4,3
1598829060.0,travel,82,move_method,1,WITH_MANY,5,1,outdoor,5,4,3
1598829120.0,travel,82,move_method,1,WITH_MANY,5,1,outdoor,5,4,4
1598829180.0,travel,82,move_method,1,WITH_MANY,5,1,outdoor,5,4,3
1598829240.0,travel,82,move_method,1,WITH_MANY,5,1,outdoor,5,4,4
1598829300.0,travel,82,move_method,1,WITH_MANY,5,1,outdoor,5,4,4
1598829360.0,travel,82,move_method,1,WITH_MANY,5,1,outdoor,5,4,4
1598829420.0,travel,82,move_method,1,WITH_MANY,5,1,outdoor,5,4,4
1598829480.0,travel,82,move_method,1,WITH_MANY,5,1,outdoor,5,4,3
1598829540.0,travel,82,move_method,1,WITH_MANY,5,1,outdoor,5,4,3
1598829600.0,travel,82,move_method,1,WITH_MANY,5,1,outdoor,5,4,4
1598829660.0,travel,82,move_method,1,WITH_MANY,5,1,outdoor,5,4,4
1598829720.0,travel,82,move_method,1,WITH_MANY,5,1,outdoor,5,4,4
1598829780.0,travel,82,move_method,1,WITH_MANY,5,1,outdoor,5,4,4
1598829840.0,travel,82,move_method,1,WITH_MANY,5,1,outdoor,5,4,2
1598829900.0,travel,82,move_method,1,WITH_MANY,5,1,outdoor,5,4,2
1598829960.0,travel,82,move_method,1,WITH_MANY,5,1,outdoor,5,4,2
1598830020.0,travel,82,move_method,1,WITH_MANY,5,1,outdoor,5,4,2
1598830080.0,travel,82,move_method,5,WITH_MANY,5,1,outdoor,4,4,3
1598830140.0,travel,82,move_method,5,WITH_MANY,5,1,outdoor,4,4,4
1598830200.0,travel,82,move_method,5,WITH_MANY,5,1,outdoor,4,4,0
1598830260.0,travel,82,move_method,5,WITH_MANY,5,1,outdoor,4,4,4
1598830320.0,travel,82,move_method,5,WITH_MANY,5,1,outdoor,4,4,4
1598830380.0,travel,82,move_method,6,WITH_MANY,5,1,outdoor,3,4,4
1598830440.0,travel,82,move_method,6,WITH_MANY,5,1,outdoor,3,4,4
1598830500.0,travel,82,move_method,6,WITH_MANY,5,1,outdoor,3,4,4
1598830560.0,travel,82,move_method,6,WITH_MANY,5,1,outdoor,3,4,3
1598830620.0,travel,82,move_method,6,WITH_MANY,5,1,outdoor,3,4,4
1598830680.0,travel,82,move_method,6,WITH_MANY,5,1,outdoor,3,4,0
1598830740.0,travel,82,move_method,6,WITH_MANY,5,1,outdoor,3,4,3
1598830800.0,travel,82,move_method,6,WITH_MANY,5,1,outdoor,3,4,3
1598830860.0,travel,82,move_method,6,WITH_MANY,5,1,outdoor,3,4,0
1598830920.0,travel,82,move_method,6,WITH_MANY,5,1,outdoor,3,4,4
1598830980.0,travel,82,move_method,6,WITH_MANY,5,1,outdoor,3,4,3
1598831040.0,travel,82,move_method,6,WITH_MANY,5,1,outdoor,3,4,4
1598831100.0,travel,82,move_method,6,WITH_MANY,5,1,outdoor,3,4,4
1598831160.0,travel,82,move_method,6,WITH_MANY,5,1,outdoor,3,4,2
1598831220.0,travel,82,move_method,6,WITH_MANY,5,1,outdoor,3,4,4
1598831280.0,travel,82,move_method,1,WITH_MANY,5,1,outdoor,4,4,4
1598831340.0,travel,82,move_method,1,WITH_MANY,5,1,outdoor,4,4,2
1598831400.0,travel,82,move_method,1,WITH_MANY,5,1,outdoor,4,4,2
1598831460.0,travel,82,move_method,1,WITH_MANY,5,1,outdoor,4,4,2
1598831520.0,travel,82,move_method,1,WITH_MANY,5,1,outdoor,4,4,2
1598831580.0,travel,82,move_method,1,WITH_MANY,5,1,outdoor,4,4,2
1598831640.0,travel,82,move_method,1,WITH_MANY,5,1,outdoor,4,4,2
1598831700.0,travel,82,move_method,1,WITH_MANY,5,1,outdoor,4,4,2
1598831760.0,travel,82,move_method,1,WITH_MANY,5,1,outdoor,4,4,2
1598831820.0,travel,82,move_method,1,WITH_MANY,5,1,outdoor,4,4,2
1598831880.0,travel,82,move_method,1,WITH_MANY,5,1,outdoor,4,4,2
1598831940.0,travel,82,move_method,1,WITH_MANY,5,1,outdoor,4,4,4
1598832000.0,work,211,,,WITH_MANY,3,2,workplace,3,5,4
1598832060.0,work,211,,,WITH_MANY,3,2,workplace,3,5,3
1598832120.0,work,211,,,WITH_MANY,3,2,workplace,3,5,3
1598832180.0,work,211,,,WITH_MANY,3,2,workplace,3,5,3
1598832240.0,work,211,,,WITH_MANY,3,2,workplace,3,5,3
1598832300.0,work,211,,,WITH_MANY,3,2,workplace,3,5,3
1598832360.0,work,211,,,WITH_MANY,3,2,workplace,3,5,3
1598832420.0,work,211,,,WITH_MANY,3,2,workplace,3,5,3
1598832480.0,work,211,,,WITH_MANY,3,2,workplace,3,5,3
1598832540.0,work,211,,,WITH_MANY,3,2,workplace,3,5,3
1598832600.0,work,211,,,WITH_MANY,3,2,workplace,3,5,3
1598832660.0,work,211,,,WITH_MANY,3,2,workplace,3,5,3
1598832720.0,work,211,,,WITH_MANY,3,2,workplace,3,5,3
1598832780.0,work,211,,,WITH_MANY,3,2,workplace,3,5,3
1598832840.0,work,211,,,WITH_MANY,3,2,workplace,3,5,3
1598832900.0,work,211,,,WITH_MANY,3,2,workplace,3,5,3
1598832960.0,work,211,,,WITH_MANY,3,2,workplace,3,5,3
1598833020.0,work,211,,,WITH_MANY,3,2,workplace,3,5,3
1598833080.0,work,211,,,WITH_MANY,3,2,workplace,3,5,3
1598833140.0,work,211,,,WITH_MANY,3,2,workplace,3,5,3
1598833200.0,work,211,,,WITH_MANY,3,2,workplace,3,5,3
1598833260.0,work,211,,,WITH_MANY,3,2,workplace,3,5,3
1598833320.0,work,211,,,WITH_MANY,3,2,workplace,3,5,3
1598833380.0,work,211,,,WITH_MANY,3,2,workplace,3,5,3
1598833440.0,work,211,,,WITH_MANY,3,2,workplace,3,5,3
1598833500.0,work,211,,,WITH_MANY,3,2,workplace,3,5,3
1598833560.0,work,211,,,WITH_MANY,3,2,workplace,3,5,3
1598833620.0,work,211,,,WITH_MANY,3,2,workplace,3,5,3
1598833680.0,work,211,,,WITH_MANY,3,2,workplace,3,5,3
1598833740.0,work,211,,,WITH_MANY,3,2,workplace,3,5,3
1598833800.0,work,211,,,WITH_MANY,3,2,workplace,3,5,3
1598833860.0,work,211,,,WITH_MANY,3,2,workplace,3,5,3
1598833920.0,work,211,,,WITH_MANY,3,2,workplace,3,5,3
1598833980.0,work,211,,,WITH_MANY,3,2,workplace,3,5,3
1598834040.0,work,211,,,WITH_MANY,3,2,workplace,3,5,3
1598834100.0,work,211,,,WITH_MANY,3,2,workplace,3,5,3
1598834160.0,work,211,,,WITH_MANY,3,2,workplace,3,5,3
1598834220.0,work,211,,,WITH_MANY,3,2,workplace,3,5,3
1598834280.0,work,211,,,WITH_MANY,3,2,workplace,3,5,3
1598834340.0,work,211,,,WITH_MANY,3,2,workplace,3,5,3
1598834400.0,work,211,,,WITH_MANY,3,2,workplace,3,5,3
1598834460.0,work,211,,,WITH_MANY,3,2,workplace,3,5,3
1598834520.0,work,211,,,WITH_MANY,3,2,workplace,3,5,3
1598834580.0,work,211,,,WITH_MANY,3,2,workplace,3,5,3
1598834640.0,work,211,,,WITH_MANY,3,2,workplace,3,5,3
1598834700.0,work,211,,,WITH_MANY,3,2,workplace,3,5,3
1598834760.0,work,211,,,WITH_MANY,3,2,workplace,3,5,3
1598834820.0,work,211,,,WITH_MANY,3,2,workplace,3,5,3
1598834880.0,work,211,,,WITH_MANY,3,2,workplace,3,5,3
1598834940.0,work,211,,,WITH_MANY,3,2,workplace,3,5,3
1598835000.0,work,211,,,WITH_MANY,3,2,workplace,3,5,3
1598835060.0,work,211,,,WITH_MANY,3,2,workplace,3,5,3
1598835120.0,work,211,,,WITH_MANY,3,2,workplace,3,5,3
1598835180.0,work,211,,,WITH_MANY,3,2,workplace,3,5,3
1598835240.0,work,211,,,WITH_MANY,3,2,workplace,3,5,3
1598835300.0,work,211,,,WITH_MANY,3,2,workplace,3,5,3
1598835360.0,work,211,,,WITH_MANY,3,2,workplace,3,5,3
1598835420.0,work,211,,,WITH_MANY,3,2,workplace,3,5,3
1598835480.0,work,211,,,WITH_MANY,3,2,workplace,3,5,3
1598835540.0,work,211,,,WITH_MANY,3,2,workplace,3,5,3
1598835600.0,work,211,,,WITH_MANY,3,2,workplace,3,5,3
1598835660.0,work,211,,,WITH_MANY,3,2,workplace,3,5,3
1598835720.0,work,211,,,WITH_MANY,3,2,workplace,3,5,3
1598835780.0,work,211,,,WITH_MANY,3,2,workplace,3,5,3
1598835840.0,work,211,,,WITH_MANY,3,2,workplace,3,5,3
1598835900.0,work,211,,,WITH_MANY,3,2,workplace,3,5,3
1598835960.0,work,211,,,WITH_MANY,3,2,workplace,3,5,3
1598836020.0,work,211,,,WITH_MANY,3,2,workplace,3,5,3
1598836080.0,work,211,,,WITH_MANY,3,2,workplace,3,5,3
1598836140.0,work,211,,,WITH_MANY,3,2,workplace,3,5,3
1598836200.0,work,211,,,WITH_MANY,3,2,workplace,3,5,3
1598836260.0,work,211,,,WITH_MANY,3,2,workplace,3,5,3
1598836320.0,work,211,,,WITH_MANY,3,2,workplace,3,5,3
1598836380.0,work,211,,,WITH_MANY,3,2,workplace,3,5,3
1598836440.0,work,211,,,WITH_MANY,3,2,workplace,3,5,3
1598836500.0,work,211,,,WITH_MANY,3,2,workplace,3,5,3
1598836560.0,work,211,,,WITH_MANY,3,2,workplace,3,5,3
1598836620.0,work,211,,,WITH_MANY,3,2,workplace,3,5,3
1598836680.0,work,211,,,WITH_MANY,3,2,workplace,3,5,3
1598836740.0,work,211,,,WITH_MANY,3,2,workplace,3,5,3
1598836800.0,work,211,,,WITH_MANY,3,2,workplace,3,5,3
1598836860.0,work,211,,,WITH_MANY,3,2,workplace,3,5,3
1598836920.0,work,211,,,WITH_MANY,3,2,workplace,3,5,3
1598836980.0,work,211,,,WITH_MANY,3,2,workplace,3,5,3
1598837040.0,work,211,,,WITH_MANY,3,2,workplace,3,5,3
1598837100.0,work,211,,,WITH_MANY,3,2,workplace,3,5,3
1598837160.0,work,211,,,WITH_MANY,3,2,workplace,3,5,3
1598837220.0,work,211,,,WITH_MANY,3,2,workplace,3,5,3
1598837280.0,work,211,,,WITH_MANY,3,2,workplace,3,5,3
1598837340.0,work,211,,,WITH_MANY,3,2,workplace,3,5,3
1598837400.0,work,211,,,WITH_MANY,3,2,workplace,3,5,3
1598837460.0,work,211,,,WITH_MANY,3,2,workplace,3,5,3
1598837520.0,work,211,,,WITH_MANY,3,2,workplace,3,5,3
1598837580.0,work,211,,,WITH_MANY,3,2,workplace,3,5,3
1598837640.0,work,211,,,WITH_MANY,3,2,workplace,3,5,3
1598837700.0,work,211,,,WITH_MANY,3,2,workplace,3,5,3
1598837760.0,work,211,,,WITH_MANY,3,2,workplace,3,5,3
1598837820.0,work,211,,,WITH_MANY,3,2,workplace,3,5,3
1598837880.0,work,211,,,WITH_MANY,3,2,workplace,3,5,3
1598837940.0,work,211,,,WITH_MANY,3,2,workplace,3,5,3
1598838000.0,work,211,,,WITH_MANY,3,2,workplace,3,5,3
1598838060.0,work,211,,,WITH_MANY,3,2,workplace,3,5,3
1598838120.0,work,211,,,WITH_MANY,3,2,workplace,3,5,3
1598838180.0,work,211,,,WITH_MANY,3,2,workplace,3,5,3
1598838240.0,work,211,,,WITH_MANY,3,2,workplace,3,5,3
1598838300.0,work,211,,,WITH_MANY,3,2,workplace,3,5,3
1598838360.0,work,211,,,WITH_MANY,3,2,workplace,3,5,3
1598838420.0,work,211,,,WITH_MANY,3,2,workplace,3,5,3
1598838480.0,work,211,,,WITH_MANY,3,2,workplace,3,5,3
1598838540.0,work,211,,,WITH_MANY,3,2,workplace,3,5,3
1598838600.0,work,211,,,WITH_MANY,3,2,workplace,3,5,3
1598838660.0,work,211,,,WITH_MANY,3,2,workplace,3,5,3
1598838720.0,work,211,,,WITH_MANY,3,2,workplace,3,5,3
1598838780.0,work,211,,,WITH_MANY,3,2,workplace,3,5,3
1598838840.0,work,211,,,WITH_MANY,3,2,workplace,3,5,3
1598838900.0,work,211,,,WITH_MANY,3,2,workplace,3,5,3
1598838960.0,work,211,,,WITH_MANY,3,2,workplace,3,5,3
1598839020.0,work,211,,,WITH_MANY,3,2,workplace,3,5,3
1598839080.0,work,211,,,WITH_MANY,3,2,workplace,3,5,3
1598839140.0,work,211,,,WITH_MANY,3,2,workplace,3,5,3
1598839200.0,work,211,,,WITH_MANY,3,2,workplace,3,5,3
1598839260.0,work,211,,,WITH_MANY,3,2,workplace,3,5,3
1598839320.0,work,211,,,WITH_MANY,3,2,workplace,3,5,3
1598839380.0,work,211,,,WITH_MANY,3,2,workplace,3,5,3
1598839440.0,work,211,,,WITH_MANY,3,2,workplace,3,5,3
1598839500.0,work,211,,,WITH_MANY,3,2,workplace,3,5,3
1598839560.0,work,211,,,WITH_MANY,3,2,workplace,3,5,3
1598839620.0,work,211,,,WITH_MANY,3,2,workplace,3,5,3
1598839680.0,work,211,,,WITH_MANY,3,2,workplace,3,5,3
1598839740.0,work,211,,,WITH_MANY,3,2,workplace,3,5,3
1598839800.0,work,211,,,WITH_MANY,3,2,workplace,3,5,3
1598839860.0,work,211,,,WITH_MANY,3,2,workplace,3,5,3
1598839920.0,work,211,,,WITH_MANY,3,2,workplace,3,5,3
1598839980.0,work,211,,,WITH_MANY,3,2,workplace,3,5,3
1598840040.0,work,211,,,WITH_MANY,3,2,workplace,3,5,3
1598840100.0,work,211,,,WITH_MANY,3,2,workplace,3,5,3
1598840160.0,work,211,,,WITH_MANY,3,2,workplace,3,5,3
1598840220.0,work,211,,,WITH_MANY,3,2,workplace,3,5,3
1598840280.0,work,211,,,WITH_MANY,3,2,workplace,3,5,3
1598840340.0,work,211,,,WITH_MANY,3,2,workplace,3,5,4
1598840400.0,work,211,,,WITH_MANY,3,2,workplace,3,5,3
1598840460.0,work,211,,,WITH_MANY,3,2,workplace,3,5,3
1598840520.0,work,211,,,WITH_MANY,3,2,workplace,3,5,4
1598840580.0,work,211,,,WITH_MANY,3,2,workplace,3,5,4
1598840640.0,work,211,,,WITH_MANY,3,2,workplace,3,5,3
1598840700.0,work,211,,,WITH_MANY,3,2,workplace,3,5,4
1598840760.0,work,211,,,WITH_MANY,3,2,workplace,3,5,3
1598840820.0,work,211,,,WITH_MANY,3,2,workplace,3,5,3
1598840880.0,work,211,,,WITH_MANY,3,2,workplace,3,5,4
1598840940.0,work,211,,,WITH_MANY,3,2,workplace,3,5,3
1598841000.0,work,211,,,WITH_MANY,3,2,workplace,3,5,3
1598841060.0,work,211,,,WITH_MANY,3,2,workplace,3,5,2
1598841120.0,work,211,,,WITH_MANY,3,2,workplace,3,5,3
1598841180.0,work,211,,,WITH_MANY,3,2,workplace,3,5,3
1598841240.0,work,211,,,WITH_MANY,3,2,workplace,3,5,3
1598841300.0,work,211,,,WITH_MANY,3,2,workplace,3,5,3
1598841360.0,work,211,,,WITH_MANY,3,2,workplace,3,5,3
1598841420.0,work,211,,,WITH_MANY,3,2,workplace,3,5,3
1598841480.0,work,211,,,WITH_MANY,3,2,workplace,3,5,3
1598841540.0,work,211,,,WITH_MANY,3,2,workplace,3,5,3
1598841600.0,work,211,,,WITH_MANY,3,2,workplace,3,5,3
1598841660.0,work,211,,,WITH_MANY,3,2,workplace,3,5,3
1598841720.0,work,211,,,WITH_MANY,3,2,workplace,3,5,3
1598841780.0,work,211,,,WITH_MANY,3,2,workplace,3,5,3
1598841840.0,work,211,,,WITH_MANY,3,2,workplace,3,5,3
1598841900.0,work,211,,,WITH_MANY,3,2,workplace,3,5,3
1598841960.0,work,211,,,WITH_MANY,3,2,workplace,3,5,3
1598842020.0,work,211,,,WITH_MANY,3,2,workplace,3,5,3
1598842080.0,work,211,,,WITH_MANY,3,2,workplace,3,5,3
1598842140.0,work,211,,,WITH_MANY,3,2,workplace,3,5,3
1598842200.0,work,211,,,WITH_MANY,3,2,workplace,3,5,3
1598842260.0,work,211,,,WITH_MANY,3,2,workplace,3,5,3
1598842320.0,work,211,,,WITH_MANY,3,2,workplace,3,5,3
1598842380.0,work,211,,,WITH_MANY,3,2,workplace,3,5,3
1598842440.0,work,211,,,WITH_MANY,3,2,workplace,3,5,3
1598842500.0,work,211,,,WITH_MANY,3,2,workplace,3,5,3
1598842560.0,work,211,,,WITH_MANY,3,2,workplace,3,5,3
1598842620.0,work,211,,,WITH_MANY,3,2,workplace,3,5,3
1598842680.0,work,211,,,WITH_MANY,3,2,workplace,3,5,3
1598842740.0,work,211,,,WITH_MANY,3,2,workplace,3,5,3
1598842800.0,meal,121,meal_amount,1,WITH_MANY,3,2,workplace,5,3,3
1598842860.0,meal,121,meal_amount,1,WITH_MANY,3,2,workplace,5,3,2
1598842920.0,meal,121,meal_amount,1,WITH_MANY,3,2,workplace,5,3,4
1598842980.0,meal,121,meal_amount,1,WITH_MANY,3,2,workplace,5,3,3
1598843040.0,meal,121,meal_amount,1,WITH_MANY,3,2,workplace,5,3,2
1598843100.0,meal,121,meal_amount,1,WITH_MANY,3,2,workplace,5,3,4
1598843160.0,meal,121,meal_amount,1,WITH_MANY,3,2,workplace,5,3,2
1598843220.0,meal,121,meal_amount,1,WITH_MANY,3,2,workplace,5,3,2
1598843280.0,meal,121,meal_amount,1,WITH_MANY,3,2,workplace,5,3,3
1598843340.0,meal,121,meal_amount,1,WITH_MANY,3,2,workplace,5,3,3
1598843400.0,meal,121,meal_amount,1,WITH_MANY,3,2,workplace,5,3,3
1598843460.0,meal,121,meal_amount,1,WITH_MANY,3,2,workplace,5,3,4
1598843520.0,meal,121,meal_amount,1,WITH_MANY,3,2,workplace,5,3,3
1598843580.0,meal,121,meal_amount,1,WITH_MANY,3,2,workplace,5,3,2
1598843640.0,meal,121,meal_amount,1,WITH_MANY,3,2,workplace,5,3,2
1598843700.0,meal,121,meal_amount,1,WITH_MANY,3,2,workplace,5,3,3
1598843760.0,meal,121,meal_amount,1,WITH_MANY,3,2,workplace,5,3,3
1598843820.0,meal,121,meal_amount,1,WITH_MANY,3,2,workplace,5,3,3
1598843880.0,meal,121,meal_amount,1,WITH_MANY,3,2,workplace,5,3,3
1598843940.0,meal,121,meal_amount,1,WITH_MANY,3,2,workplace,5,3,3
1598844000.0,meal,121,meal_amount,1,WITH_MANY,3,2,workplace,5,3,3
1598844060.0,meal,121,meal_amount,1,WITH_MANY,3,2,workplace,5,3,3
1598844120.0,meal,121,meal_amount,1,WITH_MANY,3,2,workplace,5,3,3
1598844180.0,meal,121,meal_amount,1,WITH_MANY,3,2,workplace,5,3,3
1598844240.0,meal,121,meal_amount,1,WITH_MANY,3,2,workplace,5,3,3
1598844300.0,meal,121,meal_amount,1,WITH_MANY,3,2,workplace,5,3,4
1598844360.0,meal,121,meal_amount,1,WITH_MANY,3,2,workplace,5,3,3
1598844420.0,meal,121,meal_amount,1,WITH_MANY,3,2,workplace,5,3,3
1598844480.0,meal,121,meal_amount,1,WITH_MANY,3,2,workplace,5,3,4
1598844540.0,meal,121,meal_amount,1,WITH_MANY,3,2,workplace,5,3,4
1598844600.0,meal,121,meal_amount,1,WITH_MANY,3,2,workplace,5,3,0
1598844660.0,meal,121,meal_amount,1,WITH_MANY,3,2,workplace,5,3,4
1598844720.0,meal,121,meal_amount,1,WITH_MANY,3,2,workplace,5,3,3
1598844780.0,meal,121,meal_amount,1,WITH_MANY,3,2,workplace,5,3,3
1598844840.0,meal,121,meal_amount,1,WITH_MANY,3,2,workplace,5,3,3
1598844900.0,meal,121,meal_amount,1,WITH_MANY,3,2,workplace,5,3,4
1598844960.0,meal,121,meal_amount,1,WITH_MANY,3,2,workplace,5,3,4
1598845020.0,meal,121,meal_amount,1,WITH_MANY,3,2,workplace,5,3,4
1598845080.0,meal,121,meal_amount,1,WITH_MANY,3,2,workplace,5,3,2
1598845140.0,meal,121,meal_amount,1,WITH_MANY,3,2,workplace,5,3,3
1598845200.0,meal,121,meal_amount,1,WITH_MANY,3,2,workplace,5,3,3
1598845260.0,meal,121,meal_amount,1,WITH_MANY,3,2,workplace,5,3,4
1598845320.0,meal,121,meal_amount,1,WITH_MANY,3,2,workplace,5,3,4
1598845380.0,meal,121,meal_amount,1,WITH_MANY,3,2,workplace,5,3,3
1598845440.0,meal,121,meal_amount,1,WITH_MANY,3,2,workplace,5,3,3
1598845500.0,meal,121,meal_amount,1,WITH_MANY,3,2,workplace,5,3,3
1598845560.0,meal,121,meal_amount,1,WITH_MANY,3,2,workplace,5,3,3
1598845620.0,meal,121,meal_amount,1,WITH_MANY,3,2,workplace,5,3,3
1598845680.0,meal,121,meal_amount,1,WITH_MANY,3,2,workplace,5,3,3
1598845740.0,meal,121,meal_amount,1,WITH_MANY,3,2,workplace,5,3,3
1598845800.0,meal,121,meal_amount,1,WITH_MANY,3,2,workplace,5,3,3
1598845860.0,meal,121,meal_amount,1,WITH_MANY,3,2,workplace,5,3,4
1598845920.0,meal,121,meal_amount,1,WITH_MANY,3,2,workplace,5,3,3
1598845980.0,meal,121,meal_amount,1,WITH_MANY,3,2,workplace,5,3,3
1598846040.0,meal,121,meal_amount,1,WITH_MANY,3,2,workplace,5,3,4
1598846100.0,meal,121,meal_amount,1,WITH_MANY,3,2,workplace,5,3,4
1598846160.0,meal,121,meal_amount,1,WITH_MANY,3,2,workplace,5,3,4
1598846220.0,meal,121,meal_amount,1,WITH_MANY,3,2,workplace,5,3,3
1598846280.0,meal,121,meal_amount,1,WITH_MANY,3,2,workplace,5,3,3
1598846340.0,meal,121,meal_amount,1,WITH_MANY,3,2,workplace,5,3,2
1598846400.0,work,211,,,WITH_MANY,3,2,workplace,5,4,4
1598846460.0,work,211,,,WITH_MANY,3,2,workplace,5,4,4
1598846520.0,work,211,,,WITH_MANY,3,2,workplace,5,4,4
1598846580.0,work,211,,,WITH_MANY,3,2,workplace,5,4,4
1598846640.0,work,211,,,WITH_MANY,3,2,workplace,5,4,3
1598846700.0,work,211,,,WITH_MANY,3,2,workplace,5,4,3
1598846760.0,work,211,,,WITH_MANY,3,2,workplace,5,4,3
1598846820.0,work,211,,,WITH_MANY,3,2,workplace,5,4,3
1598846880.0,work,211,,,WITH_MANY,3,2,workplace,5,4,4
1598846940.0,work,211,,,WITH_MANY,3,2,workplace,5,4,4
1598847000.0,work,211,,,WITH_MANY,3,2,workplace,5,4,3
1598847060.0,work,211,,,WITH_MANY,3,2,workplace,5,4,3
1598847120.0,work,211,,,WITH_MANY,3,2,workplace,5,4,3
1598847180.0,work,211,,,WITH_MANY,3,2,workplace,5,4,3
1598847240.0,work,211,,,WITH_MANY,3,2,workplace,5,4,3
1598847300.0,work,211,,,WITH_MANY,3,2,workplace,5,4,3
1598847360.0,work,211,,,WITH_MANY,3,2,workplace,5,4,3
1598847420.0,work,211,,,WITH_MANY,3,2,workplace,5,4,3
1598847480.0,work,211,,,WITH_MANY,3,2,workplace,5,4,3
1598847540.0,work,211,,,WITH_MANY,3,2,workplace,5,4,3
1598847600.0,work,211,,,WITH_MANY,3,2,workplace,5,4,3
1598847660.0,work,211,,,WITH_MANY,3,2,workplace,5,4,3
1598847720.0,work,211,,,WITH_MANY,3,2,workplace,5,4,3
1598847780.0,work,211,,,WITH_MANY,3,2,workplace,5,4,3
1598847840.0,work,211,,,WITH_MANY,3,2,workplace,5,4,3
1598847900.0,work,211,,,WITH_MANY,3,2,workplace,5,4,3
1598847960.0,work,211,,,WITH_MANY,3,2,workplace,5,4,3
1598848020.0,work,211,,,WITH_MANY,3,2,workplace,5,4,3
1598848080.0,work,211,,,WITH_MANY,3,2,workplace,5,4,3
1598848140.0,work,211,,,WITH_MANY,3,2,workplace,5,4,3
1598848200.0,work,211,,,WITH_MANY,3,2,workplace,5,4,3
1598848260.0,work,211,,,WITH_MANY,3,2,workplace,5,4,3
1598848320.0,work,211,,,WITH_MANY,3,2,workplace,5,4,3
1598848380.0,work,211,,,WITH_MANY,3,2,workplace,5,4,3
1598848440.0,work,211,,,WITH_MANY,3,2,workplace,5,4,3
1598848500.0,work,211,,,WITH_MANY,3,2,workplace,5,4,3
1598848560.0,work,211,,,WITH_MANY,3,2,workplace,5,4,3
1598848620.0,work,211,,,WITH_MANY,3,2,workplace,5,4,3
1598848680.0,work,211,,,WITH_MANY,3,2,workplace,5,4,3
1598848740.0,work,211,,,WITH_MANY,3,2,workplace,5,4,3
1598848800.0,work,211,,,WITH_MANY,3,2,workplace,5,4,3
1598848860.0,work,211,,,WITH_MANY,3,2,workplace,5,4,3
1598848920.0,work,211,,,WITH_MANY,3,2,workplace,5,4,3
1598848980.0,work,211,,,WITH_MANY,3,2,workplace,5,4,3
1598849040.0,work,211,,,WITH_MANY,3,2,workplace,5,4,3
1598849100.0,work,211,,,WITH_MANY,3,2,workplace,5,4,3
1598849160.0,work,211,,,WITH_MANY,3,2,workplace,5,4,3
1598849220.0,work,211,,,WITH_MANY,3,2,workplace,5,4,3
1598849280.0,work,211,,,WITH_MANY,3,2,workplace,5,4,3
1598849340.0,work,211,,,WITH_MANY,3,2,workplace,5,4,3
1598849400.0,work,211,,,WITH_MANY,3,2,workplace,5,4,3
1598849460.0,work,211,,,WITH_MANY,3,2,workplace,5,4,3
1598849520.0,work,211,,,WITH_MANY,3,2,workplace,5,4,3
1598849580.0,work,211,,,WITH_MANY,3,2,workplace,5,4,3
1598849640.0,work,211,,,WITH_MANY,3,2,workplace,5,4,3
1598849700.0,work,211,,,WITH_MANY,3,2,workplace,5,4,3
1598849760.0,work,211,,,WITH_MANY,3,2,workplace,5,4,3
1598849820.0,work,211,,,WITH_MANY,3,2,workplace,5,4,3
1598849880.0,work,211,,,WITH_MANY,3,2,workplace,5,4,3
1598849940.0,work,211,,,WITH_MANY,3,2,workplace,5,4,3
1598850000.0,work,211,,,WITH_MANY,3,2,workplace,5,4,3
1598850060.0,work,211,,,WITH_MANY,3,2,workplace,5,4,3
1598850120.0,work,211,,,WITH_MANY,3,2,workplace,5,4,3
1598850180.0,work,211,,,WITH_MANY,3,2,workplace,5,4,3
1598850240.0,work,211,,,WITH_MANY,3,2,workplace,5,4,3
1598850300.0,work,211,,,WITH_MANY,3,2,workplace,5,4,3
1598850360.0,work,211,,,WITH_MANY,3,2,workplace,5,4,3
1598850420.0,work,211,,,WITH_MANY,3,2,workplace,5,4,3
1598850480.0,work,211,,,WITH_MANY,3,2,workplace,5,4,3
1598850540.0,work,211,,,WITH_MANY,3,2,workplace,5,4,3
1598850600.0,work,211,,,WITH_MANY,3,2,workplace,5,4,3
1598850660.0,work,211,,,WITH_MANY,3,2,workplace,5,4,3
1598850720.0,work,211,,,WITH_MANY,3,2,workplace,5,4,3
1598850780.0,work,211,,,WITH_MANY,3,2,workplace,5,4,3
1598850840.0,work,211,,,WITH_MANY,3,2,workplace,5,4,3
1598850900.0,work,211,,,WITH_MANY,3,2,workplace,5,4,3
1598850960.0,work,211,,,WITH_MANY,3,2,workplace,5,4,3
1598851020.0,work,211,,,WITH_MANY,3,2,workplace,5,4,3
1598851080.0,work,211,,,WITH_MANY,3,2,workplace,5,4,3
1598851140.0,work,211,,,WITH_MANY,3,2,workplace,5,4,3
1598851200.0,work,211,,,WITH_MANY,3,2,workplace,5,4,3
1598851260.0,work,211,,,WITH_MANY,3,2,workplace,5,4,3
1598851320.0,work,211,,,WITH_MANY,3,2,workplace,5,4,3
1598851380.0,work,211,,,WITH_MANY,3,2,workplace,5,4,3
1598851440.0,work,211,,,WITH_MANY,3,2,workplace,5,4,3
1598851500.0,work,211,,,WITH_MANY,3,2,workplace,5,4,3
1598851560.0,work,211,,,WITH_MANY,3,2,workplace,5,4,3
1598851620.0,work,211,,,WITH_MANY,3,2,workplace,5,4,3
1598851680.0,work,211,,,WITH_MANY,3,2,workplace,5,4,3
1598851740.0,work,211,,,WITH_MANY,3,2,workplace,5,4,3
1598851800.0,work,211,,,WITH_MANY,3,2,workplace,5,4,3
1598851860.0,work,211,,,WITH_MANY,3,2,workplace,5,4,3
1598851920.0,work,211,,,WITH_MANY,3,2,workplace,5,4,3
1598851980.0,work,211,,,WITH_MANY,3,2,workplace,5,4,3
1598852040.0,work,211,,,WITH_MANY,3,2,workplace,5,4,3
1598852100.0,work,211,,,WITH_MANY,3,2,workplace,5,4,3
1598852160.0,work,211,,,WITH_MANY,3,2,workplace,5,4,3
1598852220.0,work,211,,,WITH_MANY,3,2,workplace,5,4,3
1598852280.0,work,211,,,WITH_MANY,3,2,workplace,5,4,3
1598852340.0,work,211,,,WITH_MANY,3,2,workplace,5,4,3
1598852400.0,work,211,,,WITH_MANY,3,2,workplace,5,4,3
1598852460.0,work,211,,,WITH_MANY,3,2,workplace,5,4,3
1598852520.0,work,211,,,WITH_MANY,3,2,workplace,5,4,3
1598852580.0,work,211,,,WITH_MANY,3,2,workplace,5,4,3
1598852640.0,work,211,,,WITH_MANY,3,2,workplace,5,4,3
1598852700.0,work,211,,,WITH_MANY,3,2,workplace,5,4,3
1598852760.0,work,211,,,WITH_MANY,3,2,workplace,5,4,3
1598852820.0,work,211,,,WITH_MANY,3,2,workplace,5,4,3
1598852880.0,work,211,,,WITH_MANY,3,2,workplace,5,4,3
1598852940.0,work,211,,,WITH_MANY,3,2,workplace,5,4,3
1598853000.0,work,211,,,WITH_MANY,3,2,workplace,5,4,3
1598853060.0,work,211,,,WITH_MANY,3,2,workplace,5,4,3
1598853120.0,work,211,,,WITH_MANY,3,2,workplace,5,4,3
1598853180.0,work,211,,,WITH_MANY,3,2,workplace,5,4,3
1598853240.0,work,211,,,WITH_MANY,3,2,workplace,5,4,3
1598853300.0,work,211,,,WITH_MANY,3,2,workplace,5,4,3
1598853360.0,work,211,,,WITH_MANY,3,2,workplace,5,4,3
1598853420.0,work,211,,,WITH_MANY,3,2,workplace,5,4,3
1598853480.0,work,211,,,WITH_MANY,3,2,workplace,5,4,3
1598853540.0,work,211,,,WITH_MANY,3,2,workplace,5,4,3
1598853600.0,work,211,,,WITH_MANY,3,2,workplace,5,4,3
1598853660.0,work,211,,,WITH_MANY,3,2,workplace,5,4,3
1598853720.0,work,211,,,WITH_MANY,3,2,workplace,5,4,3
1598853780.0,work,211,,,WITH_MANY,3,2,workplace,5,4,3
1598853840.0,work,211,,,WITH_MANY,3,2,workplace,5,4,3
1598853900.0,work,211,,,WITH_MANY,3,2,workplace,5,4,3
1598853960.0,work,211,,,WITH_MANY,3,2,workplace,5,4,3
1598854020.0,work,211,,,WITH_MANY,3,2,workplace,5,4,3
1598854080.0,work,211,,,WITH_MANY,3,2,workplace,5,4,3
1598854140.0,work,211,,,WITH_MANY,3,2,workplace,5,4,3
1598854200.0,work,211,,,WITH_MANY,3,2,workplace,5,4,3
1598854260.0,work,211,,,WITH_MANY,3,2,workplace,5,4,3
1598854320.0,work,211,,,WITH_MANY,3,2,workplace,5,4,3
1598854380.0,work,211,,,WITH_MANY,3,2,workplace,5,4,3
1598854440.0,work,211,,,WITH_MANY,3,2,workplace,5,4,3
1598854500.0,work,211,,,WITH_MANY,3,2,workplace,5,4,3
1598854560.0,work,211,,,WITH_MANY,3,2,workplace,5,4,3
1598854620.0,work,211,,,WITH_MANY,3,2,workplace,5,4,3
1598854680.0,work,211,,,WITH_MANY,3,2,workplace,5,4,3
1598854740.0,work,211,,,WITH_MANY,3,2,workplace,5,4,3
1598854800.0,work,211,,,WITH_MANY,3,2,workplace,5,4,3
1598854860.0,work,211,,,WITH_MANY,3,2,workplace,5,4,3
1598854920.0,work,211,,,WITH_MANY,3,2,workplace,5,4,3
1598854980.0,work,211,,,WITH_MANY,3,2,workplace,5,4,3
1598855040.0,work,211,,,WITH_MANY,3,2,workplace,5,4,3
1598855100.0,work,211,,,WITH_MANY,3,2,workplace,5,4,3
1598855160.0,work,211,,,WITH_MANY,3,2,workplace,5,4,3
1598855220.0,work,211,,,WITH_MANY,3,2,workplace,5,4,3
1598855280.0,work,211,,,WITH_MANY,3,2,workplace,5,4,3
1598855340.0,work,211,,,WITH_MANY,3,2,workplace,5,4,3
1598855400.0,work,211,,,WITH_MANY,3,2,workplace,5,4,4
1598855460.0,work,211,,,WITH_MANY,3,2,workplace,5,4,3
1598855520.0,work,211,,,WITH_MANY,3,2,workplace,5,4,3
1598855580.0,work,211,,,WITH_MANY,3,2,workplace,5,4,3
1598855640.0,work,211,,,WITH_MANY,3,2,workplace,5,4,3
1598855700.0,work,211,,,WITH_MANY,3,2,workplace,5,4,3
1598855760.0,work,211,,,WITH_MANY,3,2,workplace,5,4,4
1598855820.0,work,211,,,WITH_MANY,3,2,workplace,5,4,3
1598855880.0,work,211,,,WITH_MANY,3,2,workplace,5,4,4
1598855940.0,work,211,,,WITH_MANY,3,2,workplace,5,4,4
1598856000.0,work,211,,,WITH_MANY,3,2,workplace,5,4,2
1598856060.0,work,211,,,WITH_MANY,3,2,workplace,5,4,3
1598856120.0,work,211,,,WITH_MANY,3,2,workplace,5,4,3
1598856180.0,work,211,,,WITH_MANY,3,2,workplace,5,4,3
1598856240.0,work,211,,,WITH_MANY,3,2,workplace,5,4,3
1598856300.0,work,211,,,WITH_MANY,3,2,workplace,5,4,3
1598856360.0,work,211,,,WITH_MANY,3,2,workplace,5,4,3
1598856420.0,work,211,,,WITH_MANY,3,2,workplace,5,4,3
1598856480.0,work,211,,,WITH_MANY,3,2,workplace,5,4,3
1598856540.0,work,211,,,WITH_MANY,3,2,workplace,5,4,3
1598856600.0,work,211,,,WITH_MANY,3,2,workplace,5,4,3
1598856660.0,work,211,,,WITH_MANY,3,2,workplace,5,4,3
1598856720.0,work,211,,,WITH_MANY,3,2,workplace,5,4,3
1598856780.0,work,211,,,WITH_MANY,3,2,workplace,5,4,3
1598856840.0,work,211,,,WITH_MANY,3,2,workplace,5,4,3
1598856900.0,work,211,,,WITH_MANY,3,2,workplace,5,4,3
1598856960.0,work,211,,,WITH_MANY,3,2,workplace,5,4,3
1598857020.0,work,211,,,WITH_MANY,3,2,workplace,5,4,3
1598857080.0,work,211,,,WITH_MANY,3,2,workplace,5,4,3
1598857140.0,work,211,,,WITH_MANY,3,2,workplace,5,4,3
1598857200.0,work,211,,,WITH_MANY,3,2,workplace,5,4,3
1598857260.0,work,211,,,WITH_MANY,3,2,workplace,5,4,3
1598857320.0,work,211,,,WITH_MANY,3,2,workplace,5,4,3
1598857380.0,work,211,,,WITH_MANY,3,2,workplace,5,4,3
1598857440.0,work,211,,,WITH_MANY,3,2,workplace,5,4,3
1598857500.0,work,211,,,WITH_MANY,3,2,workplace,5,4,3
1598857560.0,work,211,,,WITH_MANY,3,2,workplace,5,4,3
1598857620.0,work,211,,,WITH_MANY,3,2,workplace,5,4,3
1598857680.0,work,211,,,WITH_MANY,3,2,workplace,5,4,3
1598857740.0,work,211,,,WITH_MANY,3,2,workplace,5,4,3
1598857800.0,work,211,,,WITH_MANY,3,2,workplace,5,4,3
1598857860.0,work,211,,,WITH_MANY,3,2,workplace,5,4,3
1598857920.0,work,211,,,WITH_MANY,3,2,workplace,5,4,3
1598857980.0,work,211,,,WITH_MANY,3,2,workplace,5,4,3
1598858040.0,work,211,,,WITH_MANY,3,2,workplace,5,4,3
1598858100.0,work,211,,,WITH_MANY,3,2,workplace,5,4,3
1598858160.0,work,211,,,WITH_MANY,3,2,workplace,5,4,3
1598858220.0,work,211,,,WITH_MANY,3,2,workplace,5,4,3
1598858280.0,work,211,,,WITH_MANY,3,2,workplace,5,4,3
1598858340.0,work,211,,,WITH_MANY,3,2,workplace,5,4,3
1598858400.0,work,211,,,WITH_MANY,3,2,workplace,5,4,3
1598858460.0,work,211,,,WITH_MANY,3,2,workplace,5,4,3
1598858520.0,work,211,,,WITH_MANY,3,2,workplace,5,4,3
1598858580.0,work,211,,,WITH_MANY,3,2,workplace,5,4,3
1598858640.0,work,211,,,WITH_MANY,3,2,workplace,5,4,3
1598858700.0,work,211,,,WITH_MANY,3,2,workplace,5,4,3
1598858760.0,work,211,,,WITH_MANY,3,2,workplace,5,4,3
1598858820.0,work,211,,,WITH_MANY,3,2,workplace,5,4,3
1598858880.0,work,211,,,WITH_MANY,3,2,workplace,5,4,3
1598858940.0,work,211,,,WITH_MANY,3,2,workplace,5,4,3
1598859000.0,work,211,,,WITH_MANY,3,2,workplace,5,4,3
1598859060.0,work,211,,,WITH_MANY,3,2,workplace,5,4,3
1598859120.0,work,211,,,WITH_MANY,3,2,workplace,5,4,3
1598859180.0,work,211,,,WITH_MANY,3,2,workplace,5,4,3
1598859240.0,work,211,,,WITH_MANY,3,2,workplace,5,4,3
1598859300.0,work,211,,,WITH_MANY,3,2,workplace,5,4,3
1598859360.0,work,211,,,WITH_MANY,3,2,workplace,5,4,3
1598859420.0,work,211,,,WITH_MANY,3,2,workplace,5,4,3
1598859480.0,work,211,,,WITH_MANY,3,2,workplace,5,4,3
1598859540.0,work,211,,,WITH_MANY,3,2,workplace,5,4,3
1598859600.0,work,211,,,WITH_MANY,3,2,workplace,5,4,3
1598859660.0,work,211,,,WITH_MANY,3,2,workplace,5,4,3
1598859720.0,work,211,,,WITH_MANY,3,2,workplace,5,4,3
1598859780.0,work,211,,,WITH_MANY,3,2,workplace,5,4,3
1598859840.0,work,211,,,WITH_MANY,3,2,workplace,5,4,3
1598859900.0,work,211,,,WITH_MANY,3,2,workplace,5,4,3
1598859960.0,work,211,,,WITH_MANY,3,2,workplace,5,4,3
1598860020.0,work,211,,,WITH_MANY,3,2,workplace,5,4,3
1598860080.0,work,211,,,WITH_MANY,3,2,workplace,5,4,3
1598860140.0,work,211,,,WITH_MANY,3,2,workplace,5,4,3
1598860200.0,work,211,,,WITH_MANY,3,2,workplace,5,4,3
1598860260.0,work,211,,,WITH_MANY,3,2,workplace,5,4,3
1598860320.0,work,211,,,WITH_MANY,3,2,workplace,5,4,3
1598860380.0,work,211,,,WITH_MANY,3,2,workplace,5,4,3
1598860440.0,work,211,,,WITH_MANY,3,2,workplace,5,4,3
1598860500.0,work,211,,,WITH_MANY,3,2,workplace,5,4,3
1598860560.0,work,211,,,WITH_MANY,3,2,workplace,5,4,3
1598860620.0,work,211,,,WITH_MANY,3,2,workplace,5,4,3
1598860680.0,work,211,,,WITH_MANY,3,2,workplace,5,4,3
1598860740.0,work,211,,,WITH_MANY,3,2,workplace,5,4,3
1598860800.0,work,211,,,WITH_MANY,3,2,workplace,5,4,3
1598860860.0,work,211,,,WITH_MANY,3,2,workplace,5,4,3
1598860920.0,work,211,,,WITH_MANY,3,2,workplace,5,4,3
1598860980.0,work,211,,,WITH_MANY,3,2,workplace,5,4,3
1598861040.0,work,211,,,WITH_MANY,3,2,workplace,5,4,3
1598861100.0,work,211,,,WITH_MANY,3,2,workplace,5,4,3
1598861160.0,work,211,,,WITH_MANY,3,2,workplace,5,4,3
1598861220.0,work,211,,,WITH_MANY,3,2,workplace,5,4,3
1598861280.0,work,211,,,WITH_MANY,3,2,workplace,5,4,3
1598861340.0,work,211,,,WITH_MANY,3,2,workplace,5,4,3
1598861400.0,work,211,,,WITH_MANY,3,2,workplace,5,4,3
1598861460.0,work,211,,,WITH_MANY,3,2,workplace,5,4,3
1598861520.0,work,211,,,WITH_MANY,3,2,workplace,5,4,3
1598861580.0,work,211,,,WITH_MANY,3,2,workplace,5,4,3
1598861640.0,work,211,,,WITH_MANY,3,2,workplace,5,4,3
1598861700.0,work,211,,,WITH_MANY,3,2,workplace,5,4,3
1598861760.0,work,211,,,WITH_MANY,3,2,workplace,5,4,3
1598861820.0,work,211,,,WITH_MANY,3,2,workplace,5,4,3
1598861880.0,work,211,,,WITH_MANY,3,2,workplace,5,4,3
1598861940.0,work,211,,,WITH_MANY,3,2,workplace,5,4,3
1598862000.0,work,211,,,WITH_MANY,3,2,workplace,5,4,3
1598862060.0,work,211,,,WITH_MANY,3,2,workplace,5,4,3
1598862120.0,work,211,,,WITH_MANY,3,2,workplace,5,4,3
1598862180.0,work,211,,,WITH_MANY,3,2,workplace,5,4,3
1598862240.0,work,211,,,WITH_MANY,3,2,workplace,5,4,3
1598862300.0,work,211,,,WITH_MANY,3,2,workplace,5,4,3
1598862360.0,work,211,,,WITH_MANY,3,2,workplace,5,4,3
1598862420.0,work,211,,,WITH_MANY,3,2,workplace,5,4,3
1598862480.0,work,211,,,WITH_MANY,3,2,workplace,5,4,3
1598862540.0,work,211,,,WITH_MANY,3,2,workplace,5,4,3
1598862600.0,work,211,,,WITH_MANY,3,2,workplace,5,4,3
1598862660.0,work,211,,,WITH_MANY,3,2,workplace,5,4,3
1598862720.0,work,211,,,WITH_MANY,3,2,workplace,5,4,3
1598862780.0,work,211,,,WITH_MANY,3,2,workplace,5,4,3
1598862840.0,work,211,,,WITH_MANY,3,2,workplace,5,4,3
1598862900.0,work,211,,,WITH_MANY,3,2,workplace,5,4,3
1598862960.0,work,211,,,WITH_MANY,3,2,workplace,5,4,3
1598863020.0,work,211,,,WITH_MANY,3,2,workplace,5,4,3
1598863080.0,work,211,,,WITH_MANY,3,2,workplace,5,4,3
1598863140.0,work,211,,,WITH_MANY,3,2,workplace,5,4,3
1598863200.0,work,211,,,WITH_MANY,3,2,workplace,5,4,3
1598863260.0,work,211,,,WITH_MANY,3,2,workplace,5,4,3
1598863320.0,work,211,,,WITH_MANY,3,2,workplace,5,4,3
1598863380.0,work,211,,,WITH_MANY,3,2,workplace,5,4,3
1598863440.0,work,211,,,WITH_MANY,3,2,workplace,5,4,3
1598863500.0,work,211,,,WITH_MANY,3,2,workplace,5,4,3
1598863560.0,work,211,,,WITH_MANY,3,2,workplace,5,4,3
1598863620.0,work,211,,,WITH_MANY,3,2,workplace,5,4,3
1598863680.0,work,211,,,WITH_MANY,3,2,workplace,5,4,3
1598863740.0,work,211,,,WITH_MANY,3,2,workplace,5,4,3
1598863800.0,work,211,,,WITH_MANY,3,2,workplace,5,4,3
1598863860.0,work,211,,,WITH_MANY,3,2,workplace,5,4,3
1598863920.0,work,211,,,WITH_MANY,3,2,workplace,5,4,3
1598863980.0,work,211,,,WITH_MANY,3,2,workplace,5,4,3
1598864040.0,work,211,,,WITH_MANY,3,2,workplace,5,4,3
1598864100.0,work,211,,,WITH_MANY,3,2,workplace,5,4,3
1598864160.0,work,211,,,WITH_MANY,3,2,workplace,5,4,3
1598864220.0,work,211,,,WITH_MANY,3,2,workplace,5,4,3
1598864280.0,work,211,,,WITH_MANY,3,2,workplace,5,4,3
1598864340.0,work,211,,,WITH_MANY,3,2,workplace,5,4,3
1598864400.0,travel,82,move_method,1,WITH_MANY,5,2,outdoor,3,5,3
1598864460.0,travel,82,move_method,1,WITH_MANY,5,2,outdoor,3,5,3
1598864520.0,travel,82,move_method,1,WITH_MANY,5,2,outdoor,3,5,3
1598864580.0,travel,82,move_method,1,WITH_MANY,5,2,outdoor,3,5,4
1598864640.0,travel,82,move_method,1,WITH_MANY,5,2,outdoor,3,5,3
1598864700.0,travel,82,move_method,1,WITH_MANY,5,2,outdoor,3,5,2
1598864760.0,travel,82,move_method,1,WITH_MANY,5,2,outdoor,3,5,4
1598864820.0,travel,82,move_method,1,WITH_MANY,5,2,outdoor,3,5,2
1598864880.0,travel,82,move_method,1,WITH_MANY,5,2,outdoor,3,5,2
1598864940.0,travel,82,move_method,1,WITH_MANY,5,2,outdoor,3,5,4
1598865000.0,travel,82,move_method,1,WITH_MANY,5,2,outdoor,3,5,2
1598865060.0,travel,82,move_method,1,WITH_MANY,5,2,outdoor,3,5,4
1598865120.0,travel,82,move_method,1,WITH_MANY,5,2,outdoor,3,5,2
1598865180.0,travel,82,move_method,1,WITH_MANY,5,2,outdoor,3,5,2
1598865240.0,travel,82,move_method,1,WITH_MANY,5,2,outdoor,3,5,4
1598865300.0,travel,82,move_method,1,WITH_MANY,5,2,outdoor,3,5,2
1598865360.0,travel,82,move_method,1,WITH_MANY,5,2,outdoor,3,5,4
1598865420.0,travel,82,move_method,1,WITH_MANY,5,2,outdoor,3,5,2
1598865480.0,travel,82,move_method,1,WITH_MANY,5,2,outdoor,3,5,2
1598865540.0,travel,82,move_method,1,WITH_MANY,5,2,outdoor,3,5,2
1598865600.0,travel,82,move_method,6,WITH_MANY,5,1,outdoor,5,4,4
1598865660.0,travel,82,move_method,6,WITH_MANY,5,1,outdoor,5,4,0
1598865720.0,travel,82,move_method,6,WITH_MANY,5,1,outdoor,5,4,3
1598865780.0,travel,82,move_method,6,WITH_MANY,5,1,outdoor,5,4,4
1598865840.0,travel,82,move_method,6,WITH_MANY,5,1,outdoor,5,4,0
1598865900.0,travel,82,move_method,6,WITH_MANY,5,1,outdoor,5,4,3
1598865960.0,travel,82,move_method,6,WITH_MANY,5,1,outdoor,5,4,4
1598866020.0,travel,82,move_method,6,WITH_MANY,5,1,outdoor,5,4,4
1598866080.0,travel,82,move_method,5,WITH_MANY,5,1,outdoor,5,3,2
1598866140.0,travel,82,move_method,5,WITH_MANY,5,1,outdoor,5,3,2
1598866200.0,travel,82,move_method,5,WITH_MANY,5,1,outdoor,5,3,2
1598866260.0,travel,82,move_method,5,WITH_MANY,5,1,outdoor,5,3,2
1598866320.0,travel,82,move_method,5,WITH_MANY,5,1,outdoor,5,3,4
1598866380.0,travel,82,move_method,5,WITH_MANY,5,1,outdoor,5,3,4
1598866440.0,travel,82,move_method,5,WITH_MANY,5,1,outdoor,5,3,4
1598866500.0,travel,82,move_method,5,WITH_MANY,5,1,outdoor,5,3,4
1598866560.0,travel,82,move_method,5,WITH_MANY,5,1,outdoor,5,3,3
1598866620.0,travel,82,move_method,1,WITH_MANY,5,1,outdoor,4,4,4
1598866680.0,travel,82,move_method,1,WITH_MANY,5,1,outdoor,4,4,2
1598866740.0,travel,82,move_method,1,WITH_MANY,5,1,outdoor,4,4,2
1598866800.0,travel,82,move_method,1,WITH_MANY,5,1,outdoor,4,4,2
1598866860.0,recreation_media,722,,,ALONE,,,home,5,3,2
1598866920.0,recreation_media,722,,,ALONE,,,home,5,3,4
1598866980.0,recreation_media,722,,,ALONE,,,home,5,3,3
1598867040.0,recreation_media,722,,,ALONE,,,home,5,3,3
1598867100.0,recreation_media,722,,,ALONE,,,home,5,3,2
1598867160.0,recreation_media,722,,,ALONE,,,home,5,3,3
1598867220.0,recreation_media,722,,,ALONE,,,home,5,3,4
1598867280.0,recreation_media,722,,,ALONE,,,home,5,3,3
1598867340.0,recreation_media,722,,,ALONE,,,home,5,3,3
1598867400.0,recreation_media,722,,,ALONE,,,home,5,3,3
1598867460.0,recreation_media,722,,,ALONE,,,home,5,3,3
1598867520.0,recreation_media,722,,,ALONE,,,home,5,3,3
1598867580.0,recreation_media,722,,,ALONE,,,home,5,3,3
1598867640.0,recreation_media,722,,,ALONE,,,home,5,3,3
1598867700.0,recreation_media,722,,,ALONE,,,home,5,3,3
1598867760.0,recreation_media,722,,,ALONE,,,home,5,3,3
1598867820.0,recreation_media,722,,,ALONE,,,home,5,3,3
1598867880.0,recreation_media,722,,,ALONE,,,home,5,3,3
1598867940.0,recreation_media,722,,,ALONE,,,home,5,3,3
1598868000.0,personal_care,132,,,ALONE,,,home,7,3,3
1598868060.0,personal_care,132,,,ALONE,,,home,7,3,3
1598868120.0,personal_care,132,,,ALONE,,,home,7,3,3
1598868180.0,personal_care,132,,,ALONE,,,home,7,3,3
1598868240.0,personal_care,132,,,ALONE,,,home,7,3,3
1598868300.0,personal_care,132,,,ALONE,,,home,7,3,3
1598868360.0,personal_care,132,,,ALONE,,,home,7,3,3
1598868420.0,personal_care,132,,,ALONE,,,home,7,3,3
1598868480.0,personal_care,132,,,ALONE,,,home,7,3,3
1598868540.0,personal_care,132,,,ALONE,,,home,7,3,3
1598868600.0,personal_care,132,,,ALONE,,,home,7,3,3
1598868660.0,personal_care,132,,,ALONE,,,home,7,3,3
1598868720.0,personal_care,132,,,ALONE,,,home,7,3,3
1598868780.0,personal_care,132,,,ALONE,,,home,7,3,3
1598868840.0,personal_care,132,,,ALONE,,,home,7,3,3
1598868900.0,personal_care,132,,,ALONE,,,home,7,3,3
1598868960.0,personal_care,132,,,ALONE,,,home,7,3,3
1598869020.0,personal_care,132,,,ALONE,,,home,7,3,3
1598869080.0,personal_care,132,,,ALONE,,,home,7,3,3
1598869140.0,personal_care,132,,,ALONE,,,home,7,3,3
1598869200.0,personal_care,132,,,ALONE,,,home,7,3,3
1598869260.0,personal_care,132,,,ALONE,,,home,7,3,3
1598869320.0,personal_care,132,,,ALONE,,,home,7,3,3
1598869380.0,personal_care,132,,,ALONE,,,home,7,3,3
1598869440.0,personal_care,132,,,ALONE,,,home,7,3,3
1598869500.0,personal_care,132,,,ALONE,,,home,7,3,3
1598869560.0,personal_care,132,,,ALONE,,,home,7,3,3
1598869620.0,personal_care,132,,,ALONE,,,home,7,3,3
1598869680.0,meal,121,meal_amount,1,ALONE,,,home,6,2,3
1598869740.0,meal,121,meal_amount,1,ALONE,,,home,6,2,3
1598869800.0,meal,121,meal_amount,1,ALONE,,,home,6,2,3
1598869860.0,meal,121,meal_amount,1,ALONE,,,home,6,2,3
1598869920.0,meal,121,meal_amount,1,ALONE,,,home,6,2,3
1598869980.0,meal,121,meal_amount,1,ALONE,,,home,6,2,3
1598870040.0,meal,121,meal_amount,1,ALONE,,,home,6,2,3
1598870100.0,meal,121,meal_amount,1,ALONE,,,home,6,2,3
1598870160.0,meal,121,meal_amount,1,ALONE,,,home,6,2,3
1598870220.0,meal,121,meal_amount,1,ALONE,,,home,6,2,3
1598870280.0,meal,121,meal_amount,1,ALONE,,,home,6,2,3
1598870340.0,meal,121,meal_amount,1,ALONE,,,home,6,2,3
1598870400.0,meal,121,meal_amount,1,ALONE,,,home,6,2,3
1598870460.0,meal,121,meal_amount,1,ALONE,,,home,6,2,3
1598870520.0,meal,121,meal_amount,1,ALONE,,,home,6,2,3
1598870580.0,meal,121,meal_amount,1,ALONE,,,home,6,2,3
1598870640.0,meal,121,meal_amount,1,ALONE,,,home,6,2,3
1598870700.0,recreation_media,725,,,ALONE,,,home,7,6,3
1598870760.0,recreation_media,725,,,ALONE,,,home,7,6,3
1598870820.0,recreation_media,725,,,ALONE,,,home,7,6,3
1598870880.0,recreation_media,725,,,ALONE,,,home,7,6,3
1598870940.0,recreation_media,725,,,ALONE,,,home,7,6,3
1598871000.0,recreation_media,725,,,ALONE,,,home,7,6,3
1598871060.0,recreation_media,725,,,ALONE,,,home,7,6,3
1598871120.0,recreation_media,725,,,ALONE,,,home,7,6,3
1598871180.0,recreation_media,725,,,ALONE,,,home,7,6,3
1598871240.0,recreation_media,725,,,ALONE,,,home,7,6,3
1598871300.0,recreation_media,725,,,ALONE,,,home,7,6,3
1598871360.0,recreation_media,725,,,ALONE,,,home,7,6,3
1598871420.0,recreation_media,725,,,ALONE,,,home,7,6,3
1598871480.0,recreation_media,725,,,ALONE,,,home,7,6,3
1598871540.0,recreation_media,725,,,ALONE,,,home,7,6,3
1598871600.0,recreation_media,725,,,ALONE,,,home,7,6,3
1598871660.0,recreation_media,725,,,ALONE,,,home,7,6,3
1598871720.0,recreation_media,725,,,ALONE,,,home,7,6,3
1598871780.0,recreation_media,725,,,ALONE,,,home,7,6,3
1598871840.0,recreation_media,725,,,ALONE,,,home,7,6,3
1598871900.0,recreation_media,725,,,ALONE,,,home,7,6,3
1598871960.0,recreation_media,725,,,ALONE,,,home,7,6,3
1598872020.0,recreation_media,725,,,ALONE,,,home,7,6,3
1598872080.0,recreation_media,725,,,ALONE,,,home,7,6,3
1598872140.0,recreation_media,725,,,ALONE,,,home,7,6,3
1598872200.0,recreation_media,725,,,ALONE,,,home,7,6,3
1598872260.0,recreation_media,725,,,ALONE,,,home,7,6,3
1598872320.0,recreation_media,725,,,ALONE,,,home,7,6,3
1598872380.0,recreation_media,725,,,ALONE,,,home,7,6,3
1598872440.0,recreation_media,725,,,ALONE,,,home,7,6,3
1598872500.0,recreation_media,725,,,ALONE,,,home,7,6,3
1598872560.0,recreation_media,725,,,ALONE,,,home,7,6,3
1598872620.0,recreation_media,725,,,ALONE,,,home,7,6,3
1598872680.0,recreation_media,725,,,ALONE,,,home,7,6,3
1598872740.0,recreation_media,725,,,ALONE,,,home,7,6,3
1598872800.0,recreation_media,725,,,ALONE,,,home,7,6,3
1598872860.0,recreation_media,725,,,ALONE,,,home,7,6,3
1598872920.0,recreation_media,725,,,ALONE,,,home,7,6,3
1598872980.0,recreation_media,725,,,ALONE,,,home,7,6,3
1598873040.0,recreation_media,725,,,ALONE,,,home,7,6,3
1598873100.0,recreation_media,725,,,ALONE,,,home,7,6,3
1598873160.0,recreation_media,725,,,ALONE,,,home,7,6,3
1598873220.0,recreation_media,725,,,ALONE,,,home,7,6,3
1598873280.0,recreation_media,725,,,ALONE,,,home,7,6,3
1598873340.0,recreation_media,725,,,ALONE,,,home,7,6,3
1598873400.0,recreation_media,725,,,ALONE,,,home,7,6,3
1598873460.0,recreation_media,725,,,ALONE,,,home,7,6,3
1598873520.0,recreation_media,725,,,ALONE,,,home,7,6,3
1598873580.0,recreation_media,725,,,ALONE,,,home,7,6,3
1598873640.0,recreation_media,725,,,ALONE,,,home,7,6,3
1598873700.0,recreation_media,725,,,ALONE,,,home,7,6,3
1598873760.0,recreation_media,725,,,ALONE,,,home,7,6,3
1598873820.0,recreation_media,725,,,ALONE,,,home,7,6,3
1598873880.0,recreation_media,725,,,ALONE,,,home,7,6,3
1598873940.0,recreation_media,725,,,ALONE,,,home,7,6,3
1598874000.0,recreation_media,725,,,ALONE,,,home,7,6,3
1598874060.0,recreation_media,725,,,ALONE,,,home,7,6,3
1598874120.0,recreation_media,725,,,ALONE,,,home,7,6,3
1598874180.0,recreation_media,725,,,ALONE,,,home,7,6,3
1598874240.0,recreation_media,725,,,ALONE,,,home,7,6,3
1598874300.0,recreation_media,725,,,ALONE,,,home,7,6,3
1598874360.0,recreation_media,725,,,ALONE,,,home,7,6,3
1598874420.0,recreation_media,725,,,ALONE,,,home,7,6,3
1598874480.0,recreation_media,725,,,ALONE,,,home,7,6,3
1598874540.0,recreation_media,725,,,ALONE,,,home,7,6,3
1598874600.0,recreation_media,725,,,ALONE,,,home,7,6,3
1598874660.0,recreation_media,725,,,ALONE,,,home,7,6,3
1598874720.0,recreation_media,725,,,ALONE,,,home,7,6,3
1598874780.0,recreation_media,725,,,ALONE,,,home,7,6,3
1598874840.0,recreation_media,725,,,ALONE,,,home,7,6,3
1598874900.0,recreation_media,725,,,ALONE,,,home,7,6,3
1598874960.0,recreation_media,725,,,ALONE,,,home,7,6,3
1598875020.0,recreation_media,725,,,ALONE,,,home,7,6,3
1598875080.0,recreation_media,725,,,ALONE,,,home,7,6,3
1598875140.0,recreation_media,725,,,ALONE,,,home,7,6,3
1598875200.0,recreation_media,725,,,ALONE,,,home,7,6,3
1598875260.0,recreation_media,725,,,ALONE,,,home,7,6,3
1598875320.0,recreation_media,725,,,ALONE,,,home,7,6,3
1598875380.0,recreation_media,725,,,ALONE,,,home,7,6,3
1598875440.0,recreation_media,725,,,ALONE,,,home,7,6,3
1598875500.0,recreation_media,725,,,ALONE,,,home,7,6,3
1598875560.0,recreation_media,725,,,ALONE,,,home,7,6,3
1598875620.0,recreation_media,725,,,ALONE,,,home,7,6,3
1598875680.0,recreation_media,725,,,ALONE,,,home,7,6,3
1598875740.0,recreation_media,725,,,ALONE,,,home,7,6,3
1598875800.0,recreation_media,725,,,ALONE,,,home,7,6,3
1598875860.0,recreation_media,725,,,ALONE,,,home,7,6,3
1598875920.0,recreation_media,725,,,ALONE,,,home,7,6,3
1598875980.0,recreation_media,725,,,ALONE,,,home,7,6,3
1598876040.0,recreation_media,725,,,ALONE,,,home,7,6,3
1598876100.0,recreation_media,725,,,ALONE,,,home,7,6,3
1598876160.0,recreation_media,725,,,ALONE,,,home,7,6,3
1598876220.0,recreation_media,725,,,ALONE,,,home,7,6,3
1598876280.0,recreation_media,725,,,ALONE,,,home,7,6,3
1598876340.0,recreation_media,725,,,ALONE,,,home,7,6,3
1598876400.0,recreation_media,725,,,ALONE,,,home,7,6,3
1598876460.0,recreation_media,725,,,ALONE,,,home,7,6,3
1598876520.0,recreation_media,725,,,ALONE,,,home,7,6,3
1598876580.0,recreation_media,725,,,ALONE,,,home,7,6,3
1598876640.0,recreation_media,725,,,ALONE,,,home,7,6,3
1598876700.0,recreation_media,725,,,ALONE,,,home,7,6,3
1598876760.0,recreation_media,725,,,ALONE,,,home,7,6,3
1598876820.0,recreation_media,725,,,ALONE,,,home,7,6,3
1598876880.0,recreation_media,725,,,ALONE,,,home,7,6,3
1598876940.0,recreation_media,725,,,ALONE,,,home,7,6,3
1598877000.0,recreation_media,725,,,ALONE,,,home,7,6,3
1598877060.0,recreation_media,725,,,ALONE,,,home,7,6,3
1598877120.0,recreation_media,725,,,ALONE,,,home,7,6,3
1598877180.0,recreation_media,725,,,ALONE,,,home,7,6,3
1598877240.0,recreation_media,725,,,ALONE,,,home,7,6,3
1598877300.0,recreation_media,725,,,ALONE,,,home,7,6,3
1598877360.0,recreation_media,725,,,ALONE,,,home,7,6,3
1598877420.0,recreation_media,725,,,ALONE,,,home,7,6,3
1598877480.0,recreation_media,725,,,ALONE,,,home,7,6,3
1598877540.0,recreation_media,725,,,ALONE,,,home,7,6,3
1598877600.0,recreation_media,725,,,ALONE,,,home,7,6,3
1598877660.0,recreation_media,725,,,ALONE,,,home,7,6,3
1598877720.0,recreation_media,725,,,ALONE,,,home,7,6,3
1598877780.0,recreation_media,725,,,ALONE,,,home,7,6,3
1598877840.0,recreation_media,725,,,ALONE,,,home,7,6,3
1598877900.0,recreation_media,725,,,ALONE,,,home,7,6,3
1598877960.0,recreation_media,725,,,ALONE,,,home,7,6,3
1598878020.0,recreation_media,725,,,ALONE,,,home,7,6,3
1598878080.0,recreation_media,725,,,ALONE,,,home,7,6,3
1598878140.0,recreation_media,725,,,ALONE,,,home,7,6,3
1598878200.0,recreation_media,725,,,ALONE,,,home,7,6,3
1598878260.0,recreation_media,725,,,ALONE,,,home,7,6,3
1598878320.0,recreation_media,725,,,ALONE,,,home,7,6,3
1598878380.0,recreation_media,725,,,ALONE,,,home,7,6,3
1598878440.0,recreation_media,725,,,ALONE,,,home,7,6,3
1598878500.0,recreation_media,725,,,ALONE,,,home,7,6,3
1598878560.0,recreation_media,725,,,ALONE,,,home,7,6,3
1598878620.0,recreation_media,725,,,ALONE,,,home,7,6,3
1598878680.0,recreation_media,725,,,ALONE,,,home,7,6,3
1598878740.0,recreation_media,725,,,ALONE,,,home,7,6,3
1598878800.0,recreation_media,725,,,ALONE,,,home,7,6,3
1598878860.0,recreation_media,725,,,ALONE,,,home,7,6,3
1598878920.0,recreation_media,725,,,ALONE,,,home,7,6,3
1598878980.0,recreation_media,725,,,ALONE,,,home,7,6,3
1598879040.0,recreation_media,725,,,ALONE,,,home,7,6,3
1598879100.0,recreation_media,725,,,ALONE,,,home,7,6,3
1598879160.0,recreation_media,725,,,ALONE,,,home,7,6,3
1598879220.0,recreation_media,725,,,ALONE,,,home,7,6,3
1598879280.0,recreation_media,725,,,ALONE,,,home,7,6,3
1598879340.0,recreation_media,725,,,ALONE,,,home,7,6,3
1598879400.0,recreation_media,725,,,ALONE,,,home,7,6,3
1598879460.0,recreation_media,725,,,ALONE,,,home,7,6,3
1598879520.0,recreation_media,725,,,ALONE,,,home,7,6,3
1598879580.0,recreation_media,725,,,ALONE,,,home,7,6,3
1598879640.0,recreation_media,725,,,ALONE,,,home,7,6,3
1598879700.0,recreation_media,725,,,ALONE,,,home,7,6,3
1598879760.0,recreation_media,725,,,ALONE,,,home,7,6,3
1598879820.0,recreation_media,725,,,ALONE,,,home,7,6,3
1598879880.0,recreation_media,725,,,ALONE,,,home,7,6,3
1598879940.0,recreation_media,725,,,ALONE,,,home,7,6,3
1598880000.0,recreation_media,725,,,ALONE,,,home,7,6,3
1598880060.0,recreation_media,725,,,ALONE,,,home,7,6,3
1598880120.0,recreation_media,725,,,ALONE,,,home,7,6,3
1598880180.0,recreation_media,725,,,ALONE,,,home,7,6,3
1598880240.0,recreation_media,725,,,ALONE,,,home,7,6,3
1598880300.0,recreation_media,725,,,ALONE,,,home,7,6,3
1598880360.0,recreation_media,725,,,ALONE,,,home,7,6,3
1598880420.0,recreation_media,725,,,ALONE,,,home,7,6,3
1598880480.0,recreation_media,725,,,ALONE,,,home,7,6,3
1598880540.0,recreation_media,725,,,ALONE,,,home,7,6,3
1598880600.0,recreation_media,725,,,ALONE,,,home,7,6,3
1598880660.0,recreation_media,725,,,ALONE,,,home,7,6,3
1598880720.0,recreation_media,725,,,ALONE,,,home,7,6,3
1598880780.0,recreation_media,725,,,ALONE,,,home,7,6,3
1598880840.0,recreation_media,725,,,ALONE,,,home,7,6,3
1598880900.0,recreation_media,725,,,ALONE,,,home,7,6,3
1598880960.0,recreation_media,725,,,ALONE,,,home,7,6,3
1598881020.0,recreation_media,725,,,ALONE,,,home,7,6,3
1598881080.0,recreation_media,725,,,ALONE,,,home,7,6,3
1598881140.0,recreation_media,725,,,ALONE,,,home,7,6,3
1598881200.0,recreation_media,725,,,ALONE,,,home,7,6,3
1598881260.0,recreation_media,725,,,ALONE,,,home,7,6,3
1598881320.0,recreation_media,725,,,ALONE,,,home,7,6,3
1598881380.0,recreation_media,725,,,ALONE,,,home,7,6,3
1598881440.0,recreation_media,725,,,ALONE,,,home,7,6,3
1598881500.0,recreation_media,725,,,ALONE,,,home,7,6,3
1598881560.0,recreation_media,725,,,ALONE,,,home,7,6,3
1598881620.0,recreation_media,725,,,ALONE,,,home,7,6,3
1598881680.0,recreation_media,725,,,ALONE,,,home,7,6,3
1598881740.0,recreation_media,725,,,ALONE,,,home,7,6,3
1598881800.0,recreation_media,725,,,ALONE,,,home,7,6,3
1598881860.0,recreation_media,725,,,ALONE,,,home,7,6,3
1598881920.0,recreation_media,725,,,ALONE,,,home,7,6,3
1598881980.0,recreation_media,725,,,ALONE,,,home,7,6,3
1598882040.0,recreation_media,725,,,ALONE,,,home,7,6,3
1598882100.0,recreation_media,725,,,ALONE,,,home,7,6,3
1598882160.0,recreation_media,725,,,ALONE,,,home,7,6,3
1598882220.0,recreation_media,725,,,ALONE,,,home,7,6,3
